	Web_URL
0	https://www.commonsensemedia.org/music-reviews/songs-from-a-parent-to-a-child
1	https://www.commonsensemedia.org/music-reviews/return-to-pooh-corner
2	https://www.commonsensemedia.org/music-reviews/no
3	https://www.commonsensemedia.org/music-reviews/waking-up-is-hard-to-do
4	https://www.commonsensemedia.org/music-reviews/lullaby
5	https://www.commonsensemedia.org/music-reviews/family-time
6	https://www.commonsensemedia.org/music-reviews/the-merry-goes-round
7	https://www.commonsensemedia.org/music-reviews/tumble-bee
8	https://www.commonsensemedia.org/music-reviews/here-come-the-123s
9	https://www.commonsensemedia.org/music-reviews/undeniable
10	https://www.commonsensemedia.org/music-reviews/los-lobos-goes-disney
11	https://www.commonsensemedia.org/music-reviews/alphabutt
12	https://www.commonsensemedia.org/music-reviews/tangled-soundtrack
13	https://www.commonsensemedia.org/music-reviews/american-juniors
14	https://www.commonsensemedia.org/music-reviews/i-stole-your-animal
15	https://www.commonsensemedia.org/music-reviews/merry-christmas-ii-you
16	https://www.commonsensemedia.org/music-reviews/home-at-last
17	https://www.commonsensemedia.org/music-reviews/everlife
18	https://www.commonsensemedia.org/music-reviews/sharpays-fabulous-adventure-soundtrack
19	https://www.commonsensemedia.org/music-reviews/my-world
20	https://www.commonsensemedia.org/music-reviews/my-world-20
21	https://www.commonsensemedia.org/music-reviews/dream-with-me
22	https://www.commonsensemedia.org/music-reviews/under-the-mistletoe
23	https://www.commonsensemedia.org/music-reviews/coast-to-coast
24	https://www.commonsensemedia.org/music-reviews/genius-loves-company
25	https://www.commonsensemedia.org/music-reviews/v
26	https://www.commonsensemedia.org/music-reviews/its-about-time
27	https://www.commonsensemedia.org/music-reviews/bianca-ryan
28	https://www.commonsensemedia.org/music-reviews/headstrong
29	https://www.commonsensemedia.org/music-reviews/jonas-brothers
30	https://www.commonsensemedia.org/music-reviews/another-side
31	https://www.commonsensemedia.org/music-reviews/its-only-time
32	https://www.commonsensemedia.org/music-reviews/elliott-yamin
33	https://www.commonsensemedia.org/music-reviews/dont-talk-just-listen
34	https://www.commonsensemedia.org/music-reviews/jordin-sparks
35	https://www.commonsensemedia.org/music-reviews/phil-stacey
36	https://www.commonsensemedia.org/music-reviews/carnival-ride
37	https://www.commonsensemedia.org/music-reviews/identified
38	https://www.commonsensemedia.org/music-reviews/breakout
39	https://www.commonsensemedia.org/music-reviews/a-little-bit-longer-cd-single
40	https://www.commonsensemedia.org/music-reviews/a-little-bit-longer
41	https://www.commonsensemedia.org/music-reviews/lines-vines-and-trying-times
42	https://www.commonsensemedia.org/music-reviews/read-between-the-lines
43	https://www.commonsensemedia.org/music-reviews/jonas-la
44	https://www.commonsensemedia.org/music-reviews/btr
45	https://www.commonsensemedia.org/music-reviews/hold-on-til-the-night
46	https://www.commonsensemedia.org/music-reviews/elevate
47	https://www.commonsensemedia.org/music-reviews/up-all-night
48	https://www.commonsensemedia.org/music-reviews/rachel-crow
49	https://www.commonsensemedia.org/music-reviews/hello-my-name-is
50	https://www.commonsensemedia.org/music-reviews/this-is-my-time
51	https://www.commonsensemedia.org/music-reviews/no-ordinary-girl
52	https://www.commonsensemedia.org/music-reviews/calling-the-world
53	https://www.commonsensemedia.org/music-reviews/permission-to-fly
54	https://www.commonsensemedia.org/music-reviews/julianne-hough
55	https://www.commonsensemedia.org/music-reviews/believe
56	https://www.commonsensemedia.org/music-reviews/believe-acoustic
57	https://www.commonsensemedia.org/music-reviews/here-we-go-again
58	https://www.commonsensemedia.org/music-reviews/dont-forget
59	https://www.commonsensemedia.org/music-reviews/get-the-picture
60	https://www.commonsensemedia.org/music-reviews/the-real-thing
61	https://www.commonsensemedia.org/music-reviews/underneath
62	https://www.commonsensemedia.org/music-reviews/jojo
63	https://www.commonsensemedia.org/music-reviews/the-day-has-come
64	https://www.commonsensemedia.org/music-reviews/ocean-avenue
65	https://www.commonsensemedia.org/music-reviews/the-beautiful-letdown
66	https://www.commonsensemedia.org/music-reviews/los-lonely-boys
67	https://www.commonsensemedia.org/music-reviews/small-town-girl
68	https://www.commonsensemedia.org/music-reviews/coverage
69	https://www.commonsensemedia.org/music-reviews/corinne-bailey-rae
70	https://www.commonsensemedia.org/music-reviews/i-am
71	https://www.commonsensemedia.org/music-reviews/katharine-mcphee
72	https://www.commonsensemedia.org/music-reviews/taylor-hicks
73	https://www.commonsensemedia.org/music-reviews/eye-to-the-telescope
74	https://www.commonsensemedia.org/music-reviews/the-tracks-of-tyler-hilton
75	https://www.commonsensemedia.org/music-reviews/nothing-is-sound
76	https://www.commonsensemedia.org/music-reviews/underage-thinking
77	https://www.commonsensemedia.org/music-reviews/some-hearts
78	https://www.commonsensemedia.org/music-reviews/wild-hope
79	https://www.commonsensemedia.org/music-reviews/drastic-fantastic
80	https://www.commonsensemedia.org/music-reviews/spirit
81	https://www.commonsensemedia.org/music-reviews/still-feels-good
82	https://www.commonsensemedia.org/music-reviews/yael-naim
83	https://www.commonsensemedia.org/music-reviews/nothing-left-to-lose
84	https://www.commonsensemedia.org/music-reviews/as-i-am
85	https://www.commonsensemedia.org/music-reviews/the-diary-of-alicia-keys
86	https://www.commonsensemedia.org/music-reviews/love-on-the-inside
87	https://www.commonsensemedia.org/music-reviews/reiterate
88	https://www.commonsensemedia.org/music-reviews/david-archuleta
89	https://www.commonsensemedia.org/music-reviews/david-cook
90	https://www.commonsensemedia.org/music-reviews/the-time-of-our-lives
91	https://www.commonsensemedia.org/music-reviews/kris-allen
92	https://www.commonsensemedia.org/music-reviews/play-on
93	https://www.commonsensemedia.org/music-reviews/who-i-am
94	https://www.commonsensemedia.org/music-reviews/my-best-days
95	https://www.commonsensemedia.org/music-reviews/jason-castro
96	https://www.commonsensemedia.org/music-reviews/ocean-eyes
97	https://www.commonsensemedia.org/music-reviews/sparks-fly
98	https://www.commonsensemedia.org/music-reviews/charice
99	https://www.commonsensemedia.org/music-reviews/glee-the-music-the-christmas-album
100	https://www.commonsensemedia.org/music-reviews/mylo-xyloto
101	https://www.commonsensemedia.org/music-reviews/fastlife
102	https://www.commonsensemedia.org/music-reviews/graceland
103	https://www.commonsensemedia.org/music-reviews/lights-cd-single
104	https://www.commonsensemedia.org/music-reviews/girl-on-fire-cd-single
105	https://www.commonsensemedia.org/music-reviews/kiss
106	https://www.commonsensemedia.org/music-reviews/push-and-shove
107	https://www.commonsensemedia.org/music-reviews/red
108	https://www.commonsensemedia.org/music-reviews/take-me-home
109	https://www.commonsensemedia.org/music-reviews/the-world-from-the-side-of-the-moon
110	https://www.commonsensemedia.org/music-reviews/midnight-memories
111	https://www.commonsensemedia.org/music-reviews/morning-phase
112	https://www.commonsensemedia.org/music-reviews/afrodisiac
113	https://www.commonsensemedia.org/music-reviews/romeoland
114	https://www.commonsensemedia.org/music-reviews/the-one
115	https://www.commonsensemedia.org/music-reviews/welcome-back
116	https://www.commonsensemedia.org/music-reviews/goodbye-alice-in-wonderland
117	https://www.commonsensemedia.org/music-reviews/music-of-the-sun
118	https://www.commonsensemedia.org/music-reviews/lost-highway
119	https://www.commonsensemedia.org/music-reviews/every-second-counts
120	https://www.commonsensemedia.org/music-reviews/taylor-swift
121	https://www.commonsensemedia.org/music-reviews/viva-la-cobra
122	https://www.commonsensemedia.org/music-reviews/battlefield
123	https://www.commonsensemedia.org/music-reviews/love-drunk
124	https://www.commonsensemedia.org/music-reviews/brand-new-eyes
125	https://www.commonsensemedia.org/music-reviews/tomorrow
126	https://www.commonsensemedia.org/music-reviews/high-maintenance
127	https://www.commonsensemedia.org/music-reviews/glee-the-music-presents-the-warblers
128	https://www.commonsensemedia.org/music-reviews/the-fall
129	https://www.commonsensemedia.org/music-reviews/wasting-light
130	https://www.commonsensemedia.org/music-reviews/fly-like-an-eagle
131	https://www.commonsensemedia.org/music-reviews/blown-away
132	https://www.commonsensemedia.org/music-reviews/little-creatures
133	https://www.commonsensemedia.org/music-reviews/paramore
134	https://www.commonsensemedia.org/music-reviews/stars-dance
135	https://www.commonsensemedia.org/music-reviews/demi
136	https://www.commonsensemedia.org/music-reviews/seal-iv
137	https://www.commonsensemedia.org/music-reviews/payable-on-death
138	https://www.commonsensemedia.org/music-reviews/life-for-rent
139	https://www.commonsensemedia.org/music-reviews/songs-about-jane
140	https://www.commonsensemedia.org/music-reviews/because-i-can
141	https://www.commonsensemedia.org/music-reviews/the-reason
142	https://www.commonsensemedia.org/music-reviews/musicology
143	https://www.commonsensemedia.org/music-reviews/baptism
144	https://www.commonsensemedia.org/music-reviews/volta
145	https://www.commonsensemedia.org/music-reviews/the-emancipation-of-mimi
146	https://www.commonsensemedia.org/music-reviews/make-believe
147	https://www.commonsensemedia.org/music-reviews/something-to-be
148	https://www.commonsensemedia.org/music-reviews/hissing-fauna-are-you-the-destroyer
149	https://www.commonsensemedia.org/music-reviews/eyes-open
150	https://www.commonsensemedia.org/music-reviews/stadium-arcadium
151	https://www.commonsensemedia.org/music-reviews/boys-like-girls
152	https://www.commonsensemedia.org/music-reviews/the-high-road
153	https://www.commonsensemedia.org/music-reviews/the-reminder
154	https://www.commonsensemedia.org/music-reviews/0304
155	https://www.commonsensemedia.org/music-reviews/infinity-on-high
156	https://www.commonsensemedia.org/music-reviews/move-along
157	https://www.commonsensemedia.org/music-reviews/from-under-the-cork-tree
158	https://www.commonsensemedia.org/music-reviews/for-me-its-you
159	https://www.commonsensemedia.org/music-reviews/lights-and-sounds
160	https://www.commonsensemedia.org/music-reviews/youth
161	https://www.commonsensemedia.org/music-reviews/taking-the-long-way
162	https://www.commonsensemedia.org/music-reviews/bucky-covington
163	https://www.commonsensemedia.org/music-reviews/undiscovered
164	https://www.commonsensemedia.org/music-reviews/rock-steady
165	https://www.commonsensemedia.org/music-reviews/it-is-time-for-a-love-revolution
166	https://www.commonsensemedia.org/music-reviews/set-me-free
167	https://www.commonsensemedia.org/music-reviews/hard-candy
168	https://www.commonsensemedia.org/music-reviews/too-young-to-fight-it
169	https://www.commonsensemedia.org/music-reviews/little-voice
170	https://www.commonsensemedia.org/music-reviews/carnival-vol-ii-memoirs-of-an-immigrant
171	https://www.commonsensemedia.org/music-reviews/best-days
172	https://www.commonsensemedia.org/music-reviews/rockferry
173	https://www.commonsensemedia.org/music-reviews/some-people-have-real-problems
174	https://www.commonsensemedia.org/music-reviews/riot
175	https://www.commonsensemedia.org/music-reviews/coco
176	https://www.commonsensemedia.org/music-reviews/dont-look-away
177	https://www.commonsensemedia.org/music-reviews/big-bad-world
178	https://www.commonsensemedia.org/music-reviews/unexpected
179	https://www.commonsensemedia.org/music-reviews/fearless
180	https://www.commonsensemedia.org/music-reviews/the-distance
181	https://www.commonsensemedia.org/music-reviews/amanda-leigh
182	https://www.commonsensemedia.org/music-reviews/breakthrough
183	https://www.commonsensemedia.org/music-reviews/memoirs-of-an-imperfect-angel
184	https://www.commonsensemedia.org/music-reviews/for-your-entertainment
185	https://www.commonsensemedia.org/music-reviews/graffiti
186	https://www.commonsensemedia.org/music-reviews/glee-the-music-the-power-of-madonna
187	https://www.commonsensemedia.org/music-reviews/cant-be-tamed
188	https://www.commonsensemedia.org/music-reviews/31-minutes-to-takeoff
189	https://www.commonsensemedia.org/music-reviews/speak-now
190	https://www.commonsensemedia.org/music-reviews/the-suburbs
191	https://www.commonsensemedia.org/music-reviews/21
192	https://www.commonsensemedia.org/music-reviews/born-this-way
193	https://www.commonsensemedia.org/music-reviews/codes-and-keys
194	https://www.commonsensemedia.org/music-reviews/all-things-bright-and-beautiful
195	https://www.commonsensemedia.org/music-reviews/hell-on-heels
196	https://www.commonsensemedia.org/music-reviews/ramones
197	https://www.commonsensemedia.org/music-reviews/this-years-model
198	https://www.commonsensemedia.org/music-reviews/pretenders
199	https://www.commonsensemedia.org/music-reviews/american-beauty
200	https://www.commonsensemedia.org/music-reviews/parallel-lines
201	https://www.commonsensemedia.org/music-reviews/imagine
202	https://www.commonsensemedia.org/music-reviews/back-in-black
203	https://www.commonsensemedia.org/music-reviews/led-zeppelin-iv
204	https://www.commonsensemedia.org/music-reviews/overexposed
205	https://www.commonsensemedia.org/music-reviews/night-visions
206	https://www.commonsensemedia.org/music-reviews/contrast
207	https://www.commonsensemedia.org/music-reviews/random-access-memories
208	https://www.commonsensemedia.org/music-reviews/the-blessed-unrest
209	https://www.commonsensemedia.org/music-reviews/prism
210	https://www.commonsensemedia.org/music-reviews/reflektor
211	https://www.commonsensemedia.org/music-reviews/lazaretto
212	https://www.commonsensemedia.org/music-reviews/a-rush-of-blood-to-the-head
213	https://www.commonsensemedia.org/music-reviews/thalia
214	https://www.commonsensemedia.org/music-reviews/pretty-odd
215	https://www.commonsensemedia.org/music-reviews/start-something
216	https://www.commonsensemedia.org/music-reviews/meteora
217	https://www.commonsensemedia.org/music-reviews/a-ghost-is-born
218	https://www.commonsensemedia.org/music-reviews/nina-sky
219	https://www.commonsensemedia.org/music-reviews/american-idiot
220	https://www.commonsensemedia.org/music-reviews/goodies
221	https://www.commonsensemedia.org/music-reviews/pressure-chief
222	https://www.commonsensemedia.org/music-reviews/around-the-sun
223	https://www.commonsensemedia.org/music-reviews/fallen
224	https://www.commonsensemedia.org/music-reviews/still-not-getting-any
225	https://www.commonsensemedia.org/music-reviews/guero
226	https://www.commonsensemedia.org/music-reviews/stand-up
227	https://www.commonsensemedia.org/music-reviews/touch
228	https://www.commonsensemedia.org/music-reviews/paris
229	https://www.commonsensemedia.org/music-reviews/you-got-served-soundtrack
230	https://www.commonsensemedia.org/music-reviews/these-streets
231	https://www.commonsensemedia.org/music-reviews/out-of-exile
232	https://www.commonsensemedia.org/music-reviews/planet-earth
233	https://www.commonsensemedia.org/music-reviews/the-sweet-escape
234	https://www.commonsensemedia.org/music-reviews/after-the-storm
235	https://www.commonsensemedia.org/music-reviews/under-the-iron-sea
236	https://www.commonsensemedia.org/music-reviews/mind-control
237	https://www.commonsensemedia.org/music-reviews/plans
238	https://www.commonsensemedia.org/music-reviews/instigator
239	https://www.commonsensemedia.org/music-reviews/confessions-on-a-dance-floor
240	https://www.commonsensemedia.org/music-reviews/dreaming-out-loud
241	https://www.commonsensemedia.org/music-reviews/back-ii-da-basics
242	https://www.commonsensemedia.org/music-reviews/daniel-powter
243	https://www.commonsensemedia.org/music-reviews/pearl-jam
244	https://www.commonsensemedia.org/music-reviews/a-girl-like-me
245	https://www.commonsensemedia.org/music-reviews/soundtrack-to-your-life
246	https://www.commonsensemedia.org/music-reviews/welcome-to-the-dollhouse
247	https://www.commonsensemedia.org/music-reviews/neon-bible
248	https://www.commonsensemedia.org/music-reviews/because-of-the-times
249	https://www.commonsensemedia.org/music-reviews/simple-plan
250	https://www.commonsensemedia.org/music-reviews/unleashed
251	https://www.commonsensemedia.org/music-reviews/flight-of-the-conchords
252	https://www.commonsensemedia.org/music-reviews/into-the-wild-soundtrack
253	https://www.commonsensemedia.org/music-reviews/robyn
254	https://www.commonsensemedia.org/music-reviews/the-odd-couple
255	https://www.commonsensemedia.org/music-reviews/dookie
256	https://www.commonsensemedia.org/music-reviews/sean-kingston
257	https://www.commonsensemedia.org/music-reviews/just-like-you
258	https://www.commonsensemedia.org/music-reviews/vampire-weekend
259	https://www.commonsensemedia.org/music-reviews/in-rainbows
260	https://www.commonsensemedia.org/music-reviews/evil-urges
261	https://www.commonsensemedia.org/music-reviews/weezer-the-red-album
262	https://www.commonsensemedia.org/music-reviews/no-introduction
263	https://www.commonsensemedia.org/music-reviews/rotation
264	https://www.commonsensemedia.org/music-reviews/the-colour-and-the-shape
265	https://www.commonsensemedia.org/music-reviews/year-of-the-gentleman
266	https://www.commonsensemedia.org/music-reviews/jennifer-hudson
267	https://www.commonsensemedia.org/music-reviews/unbeautiful
268	https://www.commonsensemedia.org/music-reviews/human
269	https://www.commonsensemedia.org/music-reviews/when-the-world-comes-down
270	https://www.commonsensemedia.org/music-reviews/21st-century-breakdown
271	https://www.commonsensemedia.org/music-reviews/leave-this-town
272	https://www.commonsensemedia.org/music-reviews/glee-the-music-the-rocky-horror-glee-show
273	https://www.commonsensemedia.org/music-reviews/love-is-dead
274	https://www.commonsensemedia.org/music-reviews/raditude
275	https://www.commonsensemedia.org/music-reviews/need-you-now
276	https://www.commonsensemedia.org/music-reviews/raymond-v-raymond
277	https://www.commonsensemedia.org/music-reviews/still-standing
278	https://www.commonsensemedia.org/music-reviews/congratulations
279	https://www.commonsensemedia.org/music-reviews/cant-be-tamed-cd-single
280	https://www.commonsensemedia.org/music-reviews/hurley
281	https://www.commonsensemedia.org/music-reviews/sigh-no-more
282	https://www.commonsensemedia.org/music-reviews/nevermind
283	https://www.commonsensemedia.org/music-reviews/mdna
284	https://www.commonsensemedia.org/music-reviews/trespassing
285	https://www.commonsensemedia.org/music-reviews/babel
286	https://www.commonsensemedia.org/music-reviews/halcyon
287	https://www.commonsensemedia.org/music-reviews/night-train
288	https://www.commonsensemedia.org/music-reviews/odelay
289	https://www.commonsensemedia.org/music-reviews/pure-heroine
290	https://www.commonsensemedia.org/music-reviews/hail-to-the-thief
291	https://www.commonsensemedia.org/music-reviews/a-crow-left-of-the-murder
292	https://www.commonsensemedia.org/music-reviews/get-born
293	https://www.commonsensemedia.org/music-reviews/finally-woken
294	https://www.commonsensemedia.org/music-reviews/franz-ferdinand
295	https://www.commonsensemedia.org/music-reviews/chuck
296	https://www.commonsensemedia.org/music-reviews/love-angel-music-baby
297	https://www.commonsensemedia.org/music-reviews/kala
298	https://www.commonsensemedia.org/music-reviews/turning-point
299	https://www.commonsensemedia.org/music-reviews/im-wide-awake-its-morning
300	https://www.commonsensemedia.org/music-reviews/empire
301	https://www.commonsensemedia.org/music-reviews/up-in-the-attic
302	https://www.commonsensemedia.org/music-reviews/some-loud-thunder
303	https://www.commonsensemedia.org/music-reviews/the-black-parade
304	https://www.commonsensemedia.org/music-reviews/cassie
305	https://www.commonsensemedia.org/music-reviews/the-open-door
306	https://www.commonsensemedia.org/music-reviews/in-your-honor
307	https://www.commonsensemedia.org/music-reviews/alright-still
308	https://www.commonsensemedia.org/music-reviews/american-life
309	https://www.commonsensemedia.org/music-reviews/chapter-ii
310	https://www.commonsensemedia.org/music-reviews/back-to-black
311	https://www.commonsensemedia.org/music-reviews/once-again
312	https://www.commonsensemedia.org/music-reviews/wanted
313	https://www.commonsensemedia.org/music-reviews/demon-days
314	https://www.commonsensemedia.org/music-reviews/the-silence-in-black-and-white
315	https://www.commonsensemedia.org/music-reviews/you-could-have-it-so-much-better
316	https://www.commonsensemedia.org/music-reviews/chris-brown
317	https://www.commonsensemedia.org/music-reviews/back-to-bedlam
318	https://www.commonsensemedia.org/music-reviews/if-only-you-were-lonely
319	https://www.commonsensemedia.org/music-reviews/show-your-bones
320	https://www.commonsensemedia.org/music-reviews/whatever-people-say-i-am-thats-what-im-not
321	https://www.commonsensemedia.org/music-reviews/3121
322	https://www.commonsensemedia.org/music-reviews/every-man-for-himself
323	https://www.commonsensemedia.org/music-reviews/a-fever-you-cant-sweat-out
324	https://www.commonsensemedia.org/music-reviews/good-girl-gone-bad
325	https://www.commonsensemedia.org/music-reviews/kelis-was-here
326	https://www.commonsensemedia.org/music-reviews/because-of-you
327	https://www.commonsensemedia.org/music-reviews/it-wont-be-soon-before-long
328	https://www.commonsensemedia.org/music-reviews/face-off
329	https://www.commonsensemedia.org/music-reviews/the-declaration
330	https://www.commonsensemedia.org/music-reviews/narrow-stairs
331	https://www.commonsensemedia.org/music-reviews/anywhere-i-lay-my-head
332	https://www.commonsensemedia.org/music-reviews/made-of-bricks
333	https://www.commonsensemedia.org/music-reviews/exclusive
334	https://www.commonsensemedia.org/music-reviews/oracular-spectacular
335	https://www.commonsensemedia.org/music-reviews/viva-la-vida
336	https://www.commonsensemedia.org/music-reviews/here-i-stand
337	https://www.commonsensemedia.org/music-reviews/just-a-rolling-stone
338	https://www.commonsensemedia.org/music-reviews/the-quilt
339	https://www.commonsensemedia.org/music-reviews/death-magnetic
340	https://www.commonsensemedia.org/music-reviews/new-jack-city-ii
341	https://www.commonsensemedia.org/music-reviews/the-redemption
342	https://www.commonsensemedia.org/music-reviews/the-blueprint-3
343	https://www.commonsensemedia.org/music-reviews/so-far-gone
344	https://www.commonsensemedia.org/music-reviews/i-told-you-i-was-freaky
345	https://www.commonsensemedia.org/music-reviews/the-fame-monster
346	https://www.commonsensemedia.org/music-reviews/animal
347	https://www.commonsensemedia.org/music-reviews/bob-presents-the-adventures-of-bobby-ray
348	https://www.commonsensemedia.org/music-reviews/rokstarr
349	https://www.commonsensemedia.org/music-reviews/teenage-dream
350	https://www.commonsensemedia.org/music-reviews/ten
351	https://www.commonsensemedia.org/music-reviews/sticky-fingers
352	https://www.commonsensemedia.org/music-reviews/horses
353	https://www.commonsensemedia.org/music-reviews/the-dark-side-of-the-moon
354	https://www.commonsensemedia.org/music-reviews/the-truth-about-love
355	https://www.commonsensemedia.org/music-reviews/blunderbuss
356	https://www.commonsensemedia.org/music-reviews/like-clockwork
357	https://www.commonsensemedia.org/music-reviews/recess
358	https://www.commonsensemedia.org/music-reviews/all-the-right-reasons
359	https://www.commonsensemedia.org/music-reviews/master-of-puppets
360	https://www.commonsensemedia.org/music-reviews/try-this
361	https://www.commonsensemedia.org/music-reviews/fever-to-tell
362	https://www.commonsensemedia.org/music-reviews/confessions
363	https://www.commonsensemedia.org/music-reviews/fly-or-die
364	https://www.commonsensemedia.org/music-reviews/good-news-for-people-who-love-bad-news
365	https://www.commonsensemedia.org/music-reviews/futures
366	https://www.commonsensemedia.org/music-reviews/concrete-rose
367	https://www.commonsensemedia.org/music-reviews/minutes-to-midnight
368	https://www.commonsensemedia.org/music-reviews/get-lifted
369	https://www.commonsensemedia.org/music-reviews/public-warning
370	https://www.commonsensemedia.org/music-reviews/idlewild-soundtrack
371	https://www.commonsensemedia.org/music-reviews/o
372	https://www.commonsensemedia.org/music-reviews/the-young-and-the-hopeless
373	https://www.commonsensemedia.org/music-reviews/three-cheers-for-sweet-revenge
374	https://www.commonsensemedia.org/music-reviews/hypnotize
375	https://www.commonsensemedia.org/music-reviews/in-my-own-words
376	https://www.commonsensemedia.org/music-reviews/im-not-dead
377	https://www.commonsensemedia.org/music-reviews/todd-smith
378	https://www.commonsensemedia.org/music-reviews/st-elsewhere
379	https://www.commonsensemedia.org/music-reviews/decemberunderground
380	https://www.commonsensemedia.org/music-reviews/collision-course
381	https://www.commonsensemedia.org/music-reviews/american-gangster
382	https://www.commonsensemedia.org/music-reviews/funhouse
383	https://www.commonsensemedia.org/music-reviews/scream-aim-fire
384	https://www.commonsensemedia.org/music-reviews/intuition
385	https://www.commonsensemedia.org/music-reviews/scream
386	https://www.commonsensemedia.org/music-reviews/metamorphosis
387	https://www.commonsensemedia.org/music-reviews/fantasy-ride
388	https://www.commonsensemedia.org/music-reviews/rebelution
389	https://www.commonsensemedia.org/music-reviews/man-on-the-moon-the-end-of-day
390	https://www.commonsensemedia.org/music-reviews/loud
391	https://www.commonsensemedia.org/music-reviews/cannibal
392	https://www.commonsensemedia.org/music-reviews/fame
393	https://www.commonsensemedia.org/music-reviews/watch-the-throne
394	https://www.commonsensemedia.org/music-reviews/take-care
395	https://www.commonsensemedia.org/music-reviews/talk-that-talk
396	https://www.commonsensemedia.org/music-reviews/uno
397	https://www.commonsensemedia.org/music-reviews/unorthodox-jukebox
398	https://www.commonsensemedia.org/music-reviews/dos
399	https://www.commonsensemedia.org/music-reviews/bangerz
400	https://www.commonsensemedia.org/music-reviews/artpop
401	https://www.commonsensemedia.org/music-reviews/good-kid-maad-city
402	https://www.commonsensemedia.org/music-reviews/ultraviolence
403	https://www.commonsensemedia.org/music-reviews/1000-forms-of-fear
404	https://www.commonsensemedia.org/music-reviews/results-may-vary
405	https://www.commonsensemedia.org/music-reviews/schizophrenic
406	https://www.commonsensemedia.org/music-reviews/kiss-of-death
407	https://www.commonsensemedia.org/music-reviews/back-to-basics
408	https://www.commonsensemedia.org/music-reviews/sweat
409	https://www.commonsensemedia.org/music-reviews/real-talk
410	https://www.commonsensemedia.org/music-reviews/chain-letter
411	https://www.commonsensemedia.org/music-reviews/press-play
412	https://www.commonsensemedia.org/music-reviews/kingdom-come
413	https://www.commonsensemedia.org/music-reviews/mezmerize
414	https://www.commonsensemedia.org/music-reviews/be
415	https://www.commonsensemedia.org/music-reviews/the-rising-tied
416	https://www.commonsensemedia.org/music-reviews/city-of-evil
417	https://www.commonsensemedia.org/music-reviews/the-cool
418	https://www.commonsensemedia.org/music-reviews/seeing-sounds
419	https://www.commonsensemedia.org/music-reviews/nothings-shocking
420	https://www.commonsensemedia.org/music-reviews/exit-13
421	https://www.commonsensemedia.org/music-reviews/its-not-me-its-you
422	https://www.commonsensemedia.org/music-reviews/dark-horse
423	https://www.commonsensemedia.org/music-reviews/rated-r
424	https://www.commonsensemedia.org/music-reviews/sex-therapy-the-experience
425	https://www.commonsensemedia.org/music-reviews/pink-friday
426	https://www.commonsensemedia.org/music-reviews/rolling-papers
427	https://www.commonsensemedia.org/music-reviews/pink-friday-roman-reloaded
428	https://www.commonsensemedia.org/music-reviews/channel-orange
429	https://www.commonsensemedia.org/music-reviews/unapologetic
430	https://www.commonsensemedia.org/music-reviews/warrior
431	https://www.commonsensemedia.org/music-reviews/magna-carta-holy-grail
432	https://www.commonsensemedia.org/music-reviews/nobodys-daughter
433	https://www.commonsensemedia.org/music-reviews/the-marshall-mathers-lp-2
434	https://www.commonsensemedia.org/music-reviews/the-black-album
435	https://www.commonsensemedia.org/music-reviews/kamikaze
436	https://www.commonsensemedia.org/music-reviews/suit
437	https://www.commonsensemedia.org/music-reviews/encore
438	https://www.commonsensemedia.org/music-reviews/unpredictable
439	https://www.commonsensemedia.org/music-reviews/untitled
440	https://www.commonsensemedia.org/music-reviews/earl
441	https://www.commonsensemedia.org/music-reviews/chicken-n-beer
442	https://www.commonsensemedia.org/music-reviews/tasty
443	https://www.commonsensemedia.org/music-reviews/jackpot
444	https://www.commonsensemedia.org/music-reviews/i-dont-want-you-back
445	https://www.commonsensemedia.org/music-reviews/the-marshall-mathers-lp
446	https://www.commonsensemedia.org/music-reviews/the-eminem-show
447	https://www.commonsensemedia.org/music-reviews/hood-hop
448	https://www.commonsensemedia.org/music-reviews/split-personality
449	https://www.commonsensemedia.org/music-reviews/contraband
450	https://www.commonsensemedia.org/music-reviews/tha-carter
451	https://www.commonsensemedia.org/music-reviews/powerballin
452	https://www.commonsensemedia.org/music-reviews/streets-disciple
453	https://www.commonsensemedia.org/music-reviews/weapons-of-mass-destruction
454	https://www.commonsensemedia.org/music-reviews/hate-it-or-love-it
455	https://www.commonsensemedia.org/music-reviews/crunk-juice
456	https://www.commonsensemedia.org/music-reviews/the-sound-of-revenge
457	https://www.commonsensemedia.org/music-reviews/release-therapy
458	https://www.commonsensemedia.org/music-reviews/playing-with-fire
459	https://www.commonsensemedia.org/music-reviews/hoodstar
460	https://www.commonsensemedia.org/music-reviews/tp3-reloaded
461	https://www.commonsensemedia.org/music-reviews/im-a-hustla
462	https://www.commonsensemedia.org/music-reviews/the-day-after
463	https://www.commonsensemedia.org/music-reviews/see-you-on-the-other-side
464	https://www.commonsensemedia.org/music-reviews/ti-vs-tip
465	https://www.commonsensemedia.org/music-reviews/late-night-special
466	https://www.commonsensemedia.org/music-reviews/konvicted
467	https://www.commonsensemedia.org/music-reviews/tha-carter-iii
468	https://www.commonsensemedia.org/music-reviews/mail-on-sunday
469	https://www.commonsensemedia.org/music-reviews/ego-trippin
470	https://www.commonsensemedia.org/music-reviews/5150-ratchet
471	https://www.commonsensemedia.org/music-reviews/epiphany
472	https://www.commonsensemedia.org/music-reviews/last-2-walk
473	https://www.commonsensemedia.org/music-reviews/raw-footage
474	https://www.commonsensemedia.org/music-reviews/all-hope-is-gone
475	https://www.commonsensemedia.org/music-reviews/shwayze
476	https://www.commonsensemedia.org/music-reviews/the-recession
477	https://www.commonsensemedia.org/music-reviews/paper-trail
478	https://www.commonsensemedia.org/music-reviews/brass-knuckles
479	https://www.commonsensemedia.org/music-reviews/thr33-ringz
480	https://www.commonsensemedia.org/music-reviews/theater-of-the-mind
481	https://www.commonsensemedia.org/music-reviews/relapse
482	https://www.commonsensemedia.org/music-reviews/we-are-young-money
483	https://www.commonsensemedia.org/music-reviews/hell-the-sequel
484	https://www.commonsensemedia.org/music-reviews/tha-carter-iv
485	https://www.commonsensemedia.org/music-reviews/trigga
486	https://www.commonsensemedia.org/music-reviews/born-to-play
487	https://www.commonsensemedia.org/music-reviews/groove-to-the-music
488	https://www.commonsensemedia.org/music-reviews/the-johnny-cash-childrens-album
489	https://www.commonsensemedia.org/music-reviews/camp-lisa
490	https://www.commonsensemedia.org/music-reviews/wrapped-in-red
491	https://www.commonsensemedia.org/music-reviews/rejoyce-the-christmas-album
492	https://www.commonsensemedia.org/music-reviews/abbey-road
493	https://www.commonsensemedia.org/music-reviews/a-hard-days-night-soundtrack
494	https://www.commonsensemedia.org/music-reviews/help-soundtrack
495	https://www.commonsensemedia.org/music-reviews/a-thousand-different-ways
496	https://www.commonsensemedia.org/music-reviews/closer
497	https://www.commonsensemedia.org/music-reviews/measure-of-a-man
498	https://www.commonsensemedia.org/music-reviews/one-love
499	https://www.commonsensemedia.org/music-reviews/borrowed-heaven
500	https://www.commonsensemedia.org/music-reviews/hilary-duff
501	https://www.commonsensemedia.org/music-reviews/blue-skies
502	https://www.commonsensemedia.org/music-reviews/beautiful-soul
503	https://www.commonsensemedia.org/music-reviews/on-my-way-here
504	https://www.commonsensemedia.org/music-reviews/a-public-affair
505	https://www.commonsensemedia.org/music-reviews/dignity
506	https://www.commonsensemedia.org/music-reviews/continuum
507	https://www.commonsensemedia.org/music-reviews/most-wanted
508	https://www.commonsensemedia.org/music-reviews/you-stand-watching
509	https://www.commonsensemedia.org/music-reviews/como-ama-una-mujer
510	https://www.commonsensemedia.org/music-reviews/family
511	https://www.commonsensemedia.org/music-reviews/brave
512	https://www.commonsensemedia.org/music-reviews/michael
513	https://www.commonsensemedia.org/music-reviews/stronger
514	https://www.commonsensemedia.org/music-reviews/no-strings-attached
515	https://www.commonsensemedia.org/music-reviews/coexist
516	https://www.commonsensemedia.org/music-reviews/band-on-the-run
517	https://www.commonsensemedia.org/music-reviews/soulful
518	https://www.commonsensemedia.org/music-reviews/folklore
519	https://www.commonsensemedia.org/music-reviews/fefe-dobson
520	https://www.commonsensemedia.org/music-reviews/take-it-all-away
521	https://www.commonsensemedia.org/music-reviews/lost-and-found
522	https://www.commonsensemedia.org/music-reviews/speak
523	https://www.commonsensemedia.org/music-reviews/thankful
524	https://www.commonsensemedia.org/music-reviews/daughtry
525	https://www.commonsensemedia.org/music-reviews/breakaway
526	https://www.commonsensemedia.org/music-reviews/whisper-war
527	https://www.commonsensemedia.org/music-reviews/beauty-and-the-beat
528	https://www.commonsensemedia.org/music-reviews/afterglow
529	https://www.commonsensemedia.org/music-reviews/so-called-chaos
530	https://www.commonsensemedia.org/music-reviews/poodle-hat
531	https://www.commonsensemedia.org/music-reviews/gold-medal
532	https://www.commonsensemedia.org/music-reviews/free-yourself
533	https://www.commonsensemedia.org/music-reviews/soulo
534	https://www.commonsensemedia.org/music-reviews/the-first-lady
535	https://www.commonsensemedia.org/music-reviews/right-where-you-want-me
536	https://www.commonsensemedia.org/music-reviews/hotel-paper
537	https://www.commonsensemedia.org/music-reviews/wildflower
538	https://www.commonsensemedia.org/music-reviews/ms-kelly
539	https://www.commonsensemedia.org/music-reviews/the-breakthrough
540	https://www.commonsensemedia.org/music-reviews/whats-left-of-me
541	https://www.commonsensemedia.org/music-reviews/ms-kelly-diva-deluxe
542	https://www.commonsensemedia.org/music-reviews/my-december
543	https://www.commonsensemedia.org/music-reviews/flavors-of-entanglement
544	https://www.commonsensemedia.org/music-reviews/detours
545	https://www.commonsensemedia.org/music-reviews/growing-pains
546	https://www.commonsensemedia.org/music-reviews/the-best-damn-thing
547	https://www.commonsensemedia.org/music-reviews/under-my-skin
548	https://www.commonsensemedia.org/music-reviews/do-you-know
549	https://www.commonsensemedia.org/music-reviews/all-i-ever-wanted
550	https://www.commonsensemedia.org/music-reviews/the-fray
551	https://www.commonsensemedia.org/music-reviews/love-is
552	https://www.commonsensemedia.org/music-reviews/let-go
553	https://www.commonsensemedia.org/music-reviews/battle-studies
554	https://www.commonsensemedia.org/music-reviews/shes-so-unusual
555	https://www.commonsensemedia.org/music-reviews/innervisions
556	https://www.commonsensemedia.org/music-reviews/born-to-run
557	https://www.commonsensemedia.org/music-reviews/whos-next
558	https://www.commonsensemedia.org/music-reviews/the-wanted
559	https://www.commonsensemedia.org/music-reviews/welcome-to-the-fishbowl
560	https://www.commonsensemedia.org/music-reviews/in-this-skin
561	https://www.commonsensemedia.org/music-reviews/heavier-things
562	https://www.commonsensemedia.org/music-reviews/body-language
563	https://www.commonsensemedia.org/music-reviews/nick-cannon
564	https://www.commonsensemedia.org/music-reviews/tyrannosaurus-hives
565	https://www.commonsensemedia.org/music-reviews/a-little-more-personal-raw
566	https://www.commonsensemedia.org/music-reviews/chariot
567	https://www.commonsensemedia.org/music-reviews/hot-fuss
568	https://www.commonsensemedia.org/music-reviews/broken-boy-soldiers
569	https://www.commonsensemedia.org/music-reviews/bday
570	https://www.commonsensemedia.org/music-reviews/justin-guarini
571	https://www.commonsensemedia.org/music-reviews/how-to-save-a-life
572	https://www.commonsensemedia.org/music-reviews/wincing-the-night-away
573	https://www.commonsensemedia.org/music-reviews/extraordinary-machine
574	https://www.commonsensemedia.org/music-reviews/the-return
575	https://www.commonsensemedia.org/music-reviews/insomniac
576	https://www.commonsensemedia.org/music-reviews/graduation
577	https://www.commonsensemedia.org/music-reviews/hook-me-up
578	https://www.commonsensemedia.org/music-reviews/femme-fatale
579	https://www.commonsensemedia.org/music-reviews/4
580	https://www.commonsensemedia.org/music-reviews/london-calling
581	https://www.commonsensemedia.org/music-reviews/the-miseducation-of-lauryn-hill
582	https://www.commonsensemedia.org/music-reviews/in-the-zone
583	https://www.commonsensemedia.org/music-reviews/stripped
584	https://www.commonsensemedia.org/music-reviews/justified
585	https://www.commonsensemedia.org/music-reviews/phrenology
586	https://www.commonsensemedia.org/music-reviews/get-away-from-me
587	https://www.commonsensemedia.org/music-reviews/hurt-no-more
588	https://www.commonsensemedia.org/music-reviews/a-grand-dont-come-for-free
589	https://www.commonsensemedia.org/music-reviews/sawdust
590	https://www.commonsensemedia.org/music-reviews/rise-and-fall-rage-and-grace
591	https://www.commonsensemedia.org/music-reviews/game-theory
592	https://www.commonsensemedia.org/music-reviews/sams-town
593	https://www.commonsensemedia.org/music-reviews/loose
594	https://www.commonsensemedia.org/music-reviews/kevin-lyttle
595	https://www.commonsensemedia.org/music-reviews/seven
596	https://www.commonsensemedia.org/music-reviews/fantasia
597	https://www.commonsensemedia.org/music-reviews/big-dog-daddy
598	https://www.commonsensemedia.org/music-reviews/gavin-degraw
599	https://www.commonsensemedia.org/music-reviews/departure
600	https://www.commonsensemedia.org/music-reviews/blackout
601	https://www.commonsensemedia.org/music-reviews/bionic
602	https://www.commonsensemedia.org/music-reviews/the-doors
603	https://www.commonsensemedia.org/music-reviews/ropin-the-wind
604	https://www.commonsensemedia.org/music-reviews/lotus
605	https://www.commonsensemedia.org/music-reviews/the-2020-experience
606	https://www.commonsensemedia.org/music-reviews/the-2020-experience-2-of-2
607	https://www.commonsensemedia.org/music-reviews/britney-jean
608	https://www.commonsensemedia.org/music-reviews/dutty-rock
609	https://www.commonsensemedia.org/music-reviews/dangerously-in-love
610	https://www.commonsensemedia.org/music-reviews/late-registration
611	https://www.commonsensemedia.org/music-reviews/first-impressions-of-earth
612	https://www.commonsensemedia.org/music-reviews/the-cure
613	https://www.commonsensemedia.org/music-reviews/circus
614	https://www.commonsensemedia.org/music-reviews/room-on-fire
615	https://www.commonsensemedia.org/music-reviews/splinter
616	https://www.commonsensemedia.org/music-reviews/americas-sweetheart
617	https://www.commonsensemedia.org/music-reviews/permission-to-land
618	https://www.commonsensemedia.org/music-reviews/boy-in-da-corner
619	https://www.commonsensemedia.org/music-reviews/vision-valley
620	https://www.commonsensemedia.org/music-reviews/my-beautiful-dark-twisted-fantasy
621	https://www.commonsensemedia.org/music-reviews/the-documentary
622	https://www.commonsensemedia.org/music-reviews/yeezus
623	https://www.commonsensemedia.org/music-reviews/the-glow-cd-single
624	https://www.commonsensemedia.org/music-reviews/sneakernight-cd-single
625	https://www.commonsensemedia.org/music-reviews/leave-it-all-to-me-cd-single
626	https://www.commonsensemedia.org/music-reviews/run-it-back-again-cd-single
627	https://www.commonsensemedia.org/music-reviews/one-time-cd-single
628	https://www.commonsensemedia.org/music-reviews/send-it-on-cd-single
629	https://www.commonsensemedia.org/music-reviews/love-me-cd-single
630	https://www.commonsensemedia.org/music-reviews/favorite-girl-cd-single
631	https://www.commonsensemedia.org/music-reviews/baby-cd-single
632	https://www.commonsensemedia.org/music-reviews/u-smile-cd-single
633	https://www.commonsensemedia.org/music-reviews/somebody-to-love-cd-single
634	https://www.commonsensemedia.org/music-reviews/who-says-cd-single
635	https://www.commonsensemedia.org/music-reviews/friday-cd-single
636	https://www.commonsensemedia.org/music-reviews/love-you-like-a-love-song-cd-single
637	https://www.commonsensemedia.org/music-reviews/watch-me-cd-single
638	https://www.commonsensemedia.org/music-reviews/my-moment-cd-single
639	https://www.commonsensemedia.org/music-reviews/advice-cd-single
640	https://www.commonsensemedia.org/music-reviews/if-i-ruled-the-world-cd-single
641	https://www.commonsensemedia.org/music-reviews/mistletoe-cd-single
642	https://www.commonsensemedia.org/music-reviews/ttylxox-cd-single
643	https://www.commonsensemedia.org/music-reviews/something-to-dance-for-cd-single
644	https://www.commonsensemedia.org/music-reviews/all-around-the-world-cd-single
645	https://www.commonsensemedia.org/music-reviews/windows-down-cd-single
646	https://www.commonsensemedia.org/music-reviews/heard-it-on-the-radio-cd-single
647	https://www.commonsensemedia.org/music-reviews/holla-at-the-dj-cd-single
648	https://www.commonsensemedia.org/music-reviews/what-about-love-cd-single
649	https://www.commonsensemedia.org/music-reviews/the-fox-cd-single
650	https://www.commonsensemedia.org/music-reviews/heartbreaker-cd-single
651	https://www.commonsensemedia.org/music-reviews/cannonball-cd-single
652	https://www.commonsensemedia.org/music-reviews/early-winter-cd-single
653	https://www.commonsensemedia.org/music-reviews/double-dutch-bus-cd-single
654	https://www.commonsensemedia.org/music-reviews/full-circle-cd-single
655	https://www.commonsensemedia.org/music-reviews/7-things-cd-single
656	https://www.commonsensemedia.org/music-reviews/one-love-cd-single
657	https://www.commonsensemedia.org/music-reviews/all-the-way-around-cd-single
658	https://www.commonsensemedia.org/music-reviews/paranoid-cd-single
659	https://www.commonsensemedia.org/music-reviews/falling-down-cd-single
660	https://www.commonsensemedia.org/music-reviews/you-and-your-heart-cd-single
661	https://www.commonsensemedia.org/music-reviews/just-the-way-you-are-cd-single
662	https://www.commonsensemedia.org/music-reviews/the-boys-of-fall-cd-single
663	https://www.commonsensemedia.org/music-reviews/whip-my-hair-cd-single
664	https://www.commonsensemedia.org/music-reviews/firework-cd-single
665	https://www.commonsensemedia.org/music-reviews/boyfriend-cd-single
666	https://www.commonsensemedia.org/music-reviews/21st-century-girl-cd-single
667	https://www.commonsensemedia.org/music-reviews/next-2-you-cd-single
668	https://www.commonsensemedia.org/music-reviews/that-should-be-me-cd-single
669	https://www.commonsensemedia.org/music-reviews/i-love-you-this-big-cd-single
670	https://www.commonsensemedia.org/music-reviews/like-my-mother-does-cd-single
671	https://www.commonsensemedia.org/music-reviews/out-of-summertime-cd-single
672	https://www.commonsensemedia.org/music-reviews/see-no-more-cd-single
673	https://www.commonsensemedia.org/music-reviews/just-in-love-cd-single
674	https://www.commonsensemedia.org/music-reviews/what-makes-you-beautiful-cd-single
675	https://www.commonsensemedia.org/music-reviews/one-thing-cd-single
676	https://www.commonsensemedia.org/music-reviews/home-cd-single
677	https://www.commonsensemedia.org/music-reviews/survival-cd-single
678	https://www.commonsensemedia.org/music-reviews/settle-down-cd-single
679	https://www.commonsensemedia.org/music-reviews/ready-or-not-cd-single
680	https://www.commonsensemedia.org/music-reviews/kite-cd-single
681	https://www.commonsensemedia.org/music-reviews/hall-of-fame-cd-single
682	https://www.commonsensemedia.org/music-reviews/safe-and-sound-cd-single
683	https://www.commonsensemedia.org/music-reviews/roar-cd-single
684	https://www.commonsensemedia.org/music-reviews/baby-i-cd-single
685	https://www.commonsensemedia.org/music-reviews/best-song-ever-cd-single
686	https://www.commonsensemedia.org/music-reviews/recovery-cd-single
687	https://www.commonsensemedia.org/music-reviews/story-of-my-life-cd-single
688	https://www.commonsensemedia.org/music-reviews/burn-cd-single
689	https://www.commonsensemedia.org/music-reviews/calling-all-the-monsters-cd-single
690	https://www.commonsensemedia.org/music-reviews/tattoo-cd-single
691	https://www.commonsensemedia.org/music-reviews/tonight-cd-single
692	https://www.commonsensemedia.org/music-reviews/the-climb-cd-single
693	https://www.commonsensemedia.org/music-reviews/a-little-too-not-over-you-cd-single
694	https://www.commonsensemedia.org/music-reviews/hey-cd-single
695	https://www.commonsensemedia.org/music-reviews/this-is-it-cd-single
696	https://www.commonsensemedia.org/music-reviews/hold-my-hand-cd-single
697	https://www.commonsensemedia.org/music-reviews/this-time-cd-single
698	https://www.commonsensemedia.org/music-reviews/stereo-hearts-cd-single
699	https://www.commonsensemedia.org/music-reviews/we-found-love-cd-single
700	https://www.commonsensemedia.org/music-reviews/die-in-your-arms-cd-single
701	https://www.commonsensemedia.org/music-reviews/fashion-is-my-kryptonite-cd-single
702	https://www.commonsensemedia.org/music-reviews/counting-stars-cd-single
703	https://www.commonsensemedia.org/music-reviews/let-her-go-cd-single
704	https://www.commonsensemedia.org/music-reviews/pompeii-cd-single
705	https://www.commonsensemedia.org/music-reviews/best-day-of-my-life-cd-single
706	https://www.commonsensemedia.org/music-reviews/magic-cd-single
707	https://www.commonsensemedia.org/music-reviews/am-i-wrong-cd-single
708	https://www.commonsensemedia.org/music-reviews/skyscraper-cd-single
709	https://www.commonsensemedia.org/music-reviews/get-back-cd-single
710	https://www.commonsensemedia.org/music-reviews/perform-this-way-cd-single
711	https://www.commonsensemedia.org/music-reviews/wanted-cd-single
712	https://www.commonsensemedia.org/music-reviews/celebrate-me-home-cd-single
713	https://www.commonsensemedia.org/music-reviews/spotlight-cd-single
714	https://www.commonsensemedia.org/music-reviews/break-anotha-cd-single
715	https://www.commonsensemedia.org/music-reviews/baby-love-cd-single
716	https://www.commonsensemedia.org/music-reviews/come-on-over-cd-single
717	https://www.commonsensemedia.org/music-reviews/got-me-going-cd-single
718	https://www.commonsensemedia.org/music-reviews/damaged-cd-single
719	https://www.commonsensemedia.org/music-reviews/mercy-cd-single
720	https://www.commonsensemedia.org/music-reviews/bossy-cd-single
721	https://www.commonsensemedia.org/music-reviews/no-air-cd-single
722	https://www.commonsensemedia.org/music-reviews/crush-cd-single
723	https://www.commonsensemedia.org/music-reviews/goodbye-cd-single
724	https://www.commonsensemedia.org/music-reviews/fireflies-cd-single
725	https://www.commonsensemedia.org/music-reviews/something-like-a-party-cd-single
726	https://www.commonsensemedia.org/music-reviews/cowboy-casanova-cd-single
727	https://www.commonsensemedia.org/music-reviews/this-too-shall-pass-cd-single
728	https://www.commonsensemedia.org/music-reviews/beautiful-day-cd-single
729	https://www.commonsensemedia.org/music-reviews/undo-it-cd-single
730	https://www.commonsensemedia.org/music-reviews/stuck-like-glue-cd-single
731	https://www.commonsensemedia.org/music-reviews/a-year-without-rain-cd-single
732	https://www.commonsensemedia.org/music-reviews/shakespeare-cd-single
733	https://www.commonsensemedia.org/music-reviews/rocketeer-cd-single
734	https://www.commonsensemedia.org/music-reviews/marry-me-cd-single
735	https://www.commonsensemedia.org/music-reviews/alligator-sky-cd-single
736	https://www.commonsensemedia.org/music-reviews/honey-bee-cd-single
737	https://www.commonsensemedia.org/music-reviews/give-a-little-cd-single
738	https://www.commonsensemedia.org/music-reviews/every-teardrop-is-a-waterfall-cd-single
739	https://www.commonsensemedia.org/music-reviews/love-on-top-cd-single
740	https://www.commonsensemedia.org/music-reviews/paradise-cd-single
741	https://www.commonsensemedia.org/music-reviews/gonna-get-over-you-cd-single
742	https://www.commonsensemedia.org/music-reviews/not-over-you-cd-single
743	https://www.commonsensemedia.org/music-reviews/call-me-maybe-cd-single
744	https://www.commonsensemedia.org/music-reviews/drive-by-cd-single
745	https://www.commonsensemedia.org/music-reviews/feel-so-close-cd-single
746	https://www.commonsensemedia.org/music-reviews/back-in-time-cd-single
747	https://www.commonsensemedia.org/music-reviews/both-of-us-cd-single
748	https://www.commonsensemedia.org/music-reviews/too-close-cd-single
749	https://www.commonsensemedia.org/music-reviews/springsteen-cd-single
750	https://www.commonsensemedia.org/music-reviews/the-fighter-cd-single
751	https://www.commonsensemedia.org/music-reviews/good-time-cd-single
752	https://www.commonsensemedia.org/music-reviews/take-a-little-ride-cd-single
753	https://www.commonsensemedia.org/music-reviews/chasing-the-sun-cd-single
754	https://www.commonsensemedia.org/music-reviews/turn-up-the-radio-cd-single
755	https://www.commonsensemedia.org/music-reviews/we-are-never-ever-getting-back-together-cd-single
756	https://www.commonsensemedia.org/music-reviews/i-will-wait-cd-single
757	https://www.commonsensemedia.org/music-reviews/feel-again-cd-single
758	https://www.commonsensemedia.org/music-reviews/between-the-raindrops-cd-single
759	https://www.commonsensemedia.org/music-reviews/ronan-cd-single
760	https://www.commonsensemedia.org/music-reviews/ho-hey-cd-single
761	https://www.commonsensemedia.org/music-reviews/this-kiss-cd-single
762	https://www.commonsensemedia.org/music-reviews/begin-again-cd-single
763	https://www.commonsensemedia.org/music-reviews/i-knew-you-were-trouble-cd-single
764	https://www.commonsensemedia.org/music-reviews/state-of-grace-cd-single
765	https://www.commonsensemedia.org/music-reviews/sweet-nothing-cd-single
766	https://www.commonsensemedia.org/music-reviews/cruise-cd-single
767	https://www.commonsensemedia.org/music-reviews/i-found-you-cd-single
768	https://www.commonsensemedia.org/music-reviews/try-cd-single
769	https://www.commonsensemedia.org/music-reviews/kiss-you-cd-single
770	https://www.commonsensemedia.org/music-reviews/daylight-cd-single
771	https://www.commonsensemedia.org/music-reviews/when-i-was-your-man-cd-single
772	https://www.commonsensemedia.org/music-reviews/harlem-shake-cd-single
773	https://www.commonsensemedia.org/music-reviews/little-talks-cd-single
774	https://www.commonsensemedia.org/music-reviews/mirrors-cd-single
775	https://www.commonsensemedia.org/music-reviews/just-give-me-a-reason-cd-single
776	https://www.commonsensemedia.org/music-reviews/22-cd-single
777	https://www.commonsensemedia.org/music-reviews/pom-poms-cd-single
778	https://www.commonsensemedia.org/music-reviews/wagon-wheel-cd-single
779	https://www.commonsensemedia.org/music-reviews/paper-doll-cd-single
780	https://www.commonsensemedia.org/music-reviews/treasure-cd-single
781	https://www.commonsensemedia.org/music-reviews/wake-me-up-cd-single
782	https://www.commonsensemedia.org/music-reviews/team-cd-single
783	https://www.commonsensemedia.org/music-reviews/the-man-cd-single
784	https://www.commonsensemedia.org/music-reviews/summer-cd-single
785	https://www.commonsensemedia.org/music-reviews/rude-cd-single
786	https://www.commonsensemedia.org/music-reviews/love-runs-out-cd-single
787	https://www.commonsensemedia.org/music-reviews/heart-attack-cd-single
788	https://www.commonsensemedia.org/music-reviews/give-your-heart-a-break-cd-single
789	https://www.commonsensemedia.org/music-reviews/we-might-be-dead-by-tomorrow-cd-single
790	https://www.commonsensemedia.org/music-reviews/take-you-there-cd-single
791	https://www.commonsensemedia.org/music-reviews/no-surprise-cd-single
792	https://www.commonsensemedia.org/music-reviews/fire-burning-cd-single
793	https://www.commonsensemedia.org/music-reviews/the-one-cd-single
794	https://www.commonsensemedia.org/music-reviews/party-in-the-usa-cd-single
795	https://www.commonsensemedia.org/music-reviews/down-cd-single
796	https://www.commonsensemedia.org/music-reviews/whatcha-say-cd-single
797	https://www.commonsensemedia.org/music-reviews/impossible-cd-single
798	https://www.commonsensemedia.org/music-reviews/jar-of-hearts-cd-single
799	https://www.commonsensemedia.org/music-reviews/pray-for-you-cd-single
800	https://www.commonsensemedia.org/music-reviews/the-only-exception-cd-single
801	https://www.commonsensemedia.org/music-reviews/radioactive-cd-single
802	https://www.commonsensemedia.org/music-reviews/animal-cd-single
803	https://www.commonsensemedia.org/music-reviews/dancing-crazy-cd-single
804	https://www.commonsensemedia.org/music-reviews/just-a-kiss-cd-single
805	https://www.commonsensemedia.org/music-reviews/hair-cd-single
806	https://www.commonsensemedia.org/music-reviews/remind-me-cd-single
807	https://www.commonsensemedia.org/music-reviews/wanted-you-more-cd-single
808	https://www.commonsensemedia.org/music-reviews/it-girl-cd-single
809	https://www.commonsensemedia.org/music-reviews/it-will-rain-cd-single
810	https://www.commonsensemedia.org/music-reviews/good-feeling-cd-single
811	https://www.commonsensemedia.org/music-reviews/without-you-cd-single
812	https://www.commonsensemedia.org/music-reviews/somebody-that-i-used-to-know-cd-single
813	https://www.commonsensemedia.org/music-reviews/good-girl-cd-single
814	https://www.commonsensemedia.org/music-reviews/where-have-you-been-cd-single
815	https://www.commonsensemedia.org/music-reviews/beauty-and-a-beat-cd-single
816	https://www.commonsensemedia.org/music-reviews/everybody-talks-cd-single
817	https://www.commonsensemedia.org/music-reviews/50-ways-to-say-goodbye-cd-single
818	https://www.commonsensemedia.org/music-reviews/two-black-cadillacs-cd-single
819	https://www.commonsensemedia.org/music-reviews/summer-fling-cd-single
820	https://www.commonsensemedia.org/music-reviews/royals-cd-single
821	https://www.commonsensemedia.org/music-reviews/applause-cd-single
822	https://www.commonsensemedia.org/music-reviews/wrecking-ball-cd-single
823	https://www.commonsensemedia.org/music-reviews/all-of-me-cd-single
824	https://www.commonsensemedia.org/music-reviews/not-a-bad-thing-cd-single
825	https://www.commonsensemedia.org/music-reviews/classic-cd-single
826	https://www.commonsensemedia.org/music-reviews/love-never-felt-so-good-cd-single
827	https://www.commonsensemedia.org/music-reviews/maps-cd-single
828	https://www.commonsensemedia.org/music-reviews/dirt-cd-single
829	https://www.commonsensemedia.org/music-reviews/if-i-were-a-boy-cd-single
830	https://www.commonsensemedia.org/music-reviews/thinking-of-you-cd-single
831	https://www.commonsensemedia.org/music-reviews/my-life-would-suck-without-you-cd-single
832	https://www.commonsensemedia.org/music-reviews/know-your-enemy-cd-single
833	https://www.commonsensemedia.org/music-reviews/knock-you-down-cd-single
834	https://www.commonsensemedia.org/music-reviews/second-chance-cd-single
835	https://www.commonsensemedia.org/music-reviews/changed-man-cd-single
836	https://www.commonsensemedia.org/music-reviews/paparazzi-cd-single
837	https://www.commonsensemedia.org/music-reviews/bad-romance-cd-single
838	https://www.commonsensemedia.org/music-reviews/i-can-transform-ya-cd-single
839	https://www.commonsensemedia.org/music-reviews/up-out-my-face-cd-single
840	https://www.commonsensemedia.org/music-reviews/alejandro-cd-single
841	https://www.commonsensemedia.org/music-reviews/bulletproof-cd-single
842	https://www.commonsensemedia.org/music-reviews/mine-cd-single
843	https://www.commonsensemedia.org/music-reviews/just-a-dream-cd-single
844	https://www.commonsensemedia.org/music-reviews/back-to-december-cd-single
845	https://www.commonsensemedia.org/music-reviews/mean-cd-single
846	https://www.commonsensemedia.org/music-reviews/dear-john-cd-single
847	https://www.commonsensemedia.org/music-reviews/innocent-cd-single
848	https://www.commonsensemedia.org/music-reviews/the-story-of-us-cd-single
849	https://www.commonsensemedia.org/music-reviews/what-the-hell-cd-single
850	https://www.commonsensemedia.org/music-reviews/rolling-in-the-deep-cd-single
851	https://www.commonsensemedia.org/music-reviews/the-edge-of-glory-cd-single
852	https://www.commonsensemedia.org/music-reviews/best-thing-i-never-had-cd-single
853	https://www.commonsensemedia.org/music-reviews/good-life-cd-single
854	https://www.commonsensemedia.org/music-reviews/i-wanna-go-cd-single
855	https://www.commonsensemedia.org/music-reviews/you-and-i-cd-single
856	https://www.commonsensemedia.org/music-reviews/someone-like-you-cd-single
857	https://www.commonsensemedia.org/music-reviews/criminal-cd-single
858	https://www.commonsensemedia.org/music-reviews/the-one-that-got-away-cd-single
859	https://www.commonsensemedia.org/music-reviews/holocene-cd-single
860	https://www.commonsensemedia.org/music-reviews/set-fire-to-the-rain-cd-single
861	https://www.commonsensemedia.org/music-reviews/glory-cd-single
862	https://www.commonsensemedia.org/music-reviews/glad-you-came-cd-single
863	https://www.commonsensemedia.org/music-reviews/live-my-life-cd-single
864	https://www.commonsensemedia.org/music-reviews/so-good-cd-single
865	https://www.commonsensemedia.org/music-reviews/rumour-has-it-cd-single
866	https://www.commonsensemedia.org/music-reviews/payphone-cd-single
867	https://www.commonsensemedia.org/music-reviews/titanium-cd-single
868	https://www.commonsensemedia.org/music-reviews/let-it-roll-cd-single
869	https://www.commonsensemedia.org/music-reviews/want-u-back-cd-single
870	https://www.commonsensemedia.org/music-reviews/gangnam-style-cd-single
871	https://www.commonsensemedia.org/music-reviews/carry-on-cd-single
872	https://www.commonsensemedia.org/music-reviews/walking-on-air-cd-single
873	https://www.commonsensemedia.org/music-reviews/demons-cd-single
874	https://www.commonsensemedia.org/music-reviews/sweater-weather-cd-single
875	https://www.commonsensemedia.org/music-reviews/love-lockdown-cd-single
876	https://www.commonsensemedia.org/music-reviews/pumped-up-kicks-cd-single
877	https://www.commonsensemedia.org/music-reviews/violet-hill-cd-single
878	https://www.commonsensemedia.org/music-reviews/i-kissed-a-girl-cd-single
879	https://www.commonsensemedia.org/music-reviews/shake-it-cd-single
880	https://www.commonsensemedia.org/music-reviews/american-boy-cd-single
881	https://www.commonsensemedia.org/music-reviews/womanizer-cd-single
882	https://www.commonsensemedia.org/music-reviews/kiss-me-thru-the-phone-cd-single
883	https://www.commonsensemedia.org/music-reviews/obsessed-cd-single
884	https://www.commonsensemedia.org/music-reviews/good-girls-go-bad-cd-single
885	https://www.commonsensemedia.org/music-reviews/papers-cd-single
886	https://www.commonsensemedia.org/music-reviews/all-the-right-moves-cd-single
887	https://www.commonsensemedia.org/music-reviews/omg-cd-single
888	https://www.commonsensemedia.org/music-reviews/misery-cd-single
889	https://www.commonsensemedia.org/music-reviews/grenade-cd-single
890	https://www.commonsensemedia.org/music-reviews/hold-it-against-me-cd-single
891	https://www.commonsensemedia.org/music-reviews/the-cave-cd-single
892	https://www.commonsensemedia.org/music-reviews/on-the-floor-cd-single
893	https://www.commonsensemedia.org/music-reviews/blow-cd-single
894	https://www.commonsensemedia.org/music-reviews/till-the-world-ends-cd-single
895	https://www.commonsensemedia.org/music-reviews/summer-rain-cd-single
896	https://www.commonsensemedia.org/music-reviews/the-lazy-song-cd-single
897	https://www.commonsensemedia.org/music-reviews/give-me-everything-cd-single
898	https://www.commonsensemedia.org/music-reviews/judas-cd-single
899	https://www.commonsensemedia.org/music-reviews/written-in-the-stars-cd-single
900	https://www.commonsensemedia.org/music-reviews/dirty-dancer-cd-single
901	https://www.commonsensemedia.org/music-reviews/the-show-goes-on-cd-single
902	https://www.commonsensemedia.org/music-reviews/how-to-love-cd-single
903	https://www.commonsensemedia.org/music-reviews/california-king-bed-cd-single
904	https://www.commonsensemedia.org/music-reviews/sexy-and-i-know-it-cd-single
905	https://www.commonsensemedia.org/music-reviews/marry-the-night-cd-single
906	https://www.commonsensemedia.org/music-reviews/you-da-one-cd-single
907	https://www.commonsensemedia.org/music-reviews/turn-me-on-cd-single
908	https://www.commonsensemedia.org/music-reviews/brokenhearted-cd-single
909	https://www.commonsensemedia.org/music-reviews/it-all-belongs-to-me-cd-single
910	https://www.commonsensemedia.org/music-reviews/girl-gone-wild-cd-single
911	https://www.commonsensemedia.org/music-reviews/dance-again-cd-single
912	https://www.commonsensemedia.org/music-reviews/one-more-night-cd-single
913	https://www.commonsensemedia.org/music-reviews/runaways-cd-single
914	https://www.commonsensemedia.org/music-reviews/we-run-the-night-cd-single
915	https://www.commonsensemedia.org/music-reviews/pontoon-cd-single
916	https://www.commonsensemedia.org/music-reviews/die-young-cd-single
917	https://www.commonsensemedia.org/music-reviews/locked-out-of-heaven-cd-single
918	https://www.commonsensemedia.org/music-reviews/i-cry-cd-single
919	https://www.commonsensemedia.org/music-reviews/god-put-a-smile-upon-your-face-cd-single
920	https://www.commonsensemedia.org/music-reviews/gentleman-cd-single
921	https://www.commonsensemedia.org/music-reviews/animals-cd-single
922	https://www.commonsensemedia.org/music-reviews/break-the-ice-cd-single
923	https://www.commonsensemedia.org/music-reviews/amor-gitano-cd-single
924	https://www.commonsensemedia.org/music-reviews/gimme-more-cd-single
925	https://www.commonsensemedia.org/music-reviews/like-i-never-left-cd-single
926	https://www.commonsensemedia.org/music-reviews/so-what-cd-single
927	https://www.commonsensemedia.org/music-reviews/just-dance-cd-single
928	https://www.commonsensemedia.org/music-reviews/poker-face-cd-single
929	https://www.commonsensemedia.org/music-reviews/love-sex-magic-cd-single
930	https://www.commonsensemedia.org/music-reviews/lovegame-cd-single
931	https://www.commonsensemedia.org/music-reviews/best-i-ever-had-cd-single
932	https://www.commonsensemedia.org/music-reviews/how-low-cd-single
933	https://www.commonsensemedia.org/music-reviews/in-my-head-cd-single
934	https://www.commonsensemedia.org/music-reviews/not-myself-tonight-cd-single
935	https://www.commonsensemedia.org/music-reviews/sleazy-cd-single
936	https://www.commonsensemedia.org/music-reviews/yeah-3x-cd-single
937	https://www.commonsensemedia.org/music-reviews/i-need-a-doctor-cd-single
938	https://www.commonsensemedia.org/music-reviews/party-rock-anthem-cd-single
939	https://www.commonsensemedia.org/music-reviews/otis-cd-single
940	https://www.commonsensemedia.org/music-reviews/in-the-dark-cd-single
941	https://www.commonsensemedia.org/music-reviews/make-me-proud-cd-single
942	https://www.commonsensemedia.org/music-reviews/international-love-cd-single
943	https://www.commonsensemedia.org/music-reviews/we-are-young-cd-single
944	https://www.commonsensemedia.org/music-reviews/drunk-text-cd-single
945	https://www.commonsensemedia.org/music-reviews/scream-cd-single
946	https://www.commonsensemedia.org/music-reviews/drunk-on-you-cd-single
947	https://www.commonsensemedia.org/music-reviews/pound-the-alarm-cd-single
948	https://www.commonsensemedia.org/music-reviews/finally-found-you-cd-single
949	https://www.commonsensemedia.org/music-reviews/your-body-cd-single
950	https://www.commonsensemedia.org/music-reviews/diamonds-cd-single
951	https://www.commonsensemedia.org/music-reviews/hard-out-here-cd-single
952	https://www.commonsensemedia.org/music-reviews/stay-with-me-cd-single
953	https://www.commonsensemedia.org/music-reviews/headlines-cd-single
954	https://www.commonsensemedia.org/music-reviews/chandelier-cd-single
955	https://www.commonsensemedia.org/music-reviews/touch-my-body-cd-single
956	https://www.commonsensemedia.org/music-reviews/like-me-cd-single
957	https://www.commonsensemedia.org/music-reviews/whatever-you-like-cd-single
958	https://www.commonsensemedia.org/music-reviews/dead-and-gone-cd-single
959	https://www.commonsensemedia.org/music-reviews/i-love-college-cd-single
960	https://www.commonsensemedia.org/music-reviews/we-made-you-cd-single
961	https://www.commonsensemedia.org/music-reviews/run-this-town-cd-single
962	https://www.commonsensemedia.org/music-reviews/russian-roulette-cd-single
963	https://www.commonsensemedia.org/music-reviews/drop-the-world-cd-single
964	https://www.commonsensemedia.org/music-reviews/rude-boy-cd-single
965	https://www.commonsensemedia.org/music-reviews/young-forever-cd-single
966	https://www.commonsensemedia.org/music-reviews/like-a-g6-cd-single
967	https://www.commonsensemedia.org/music-reviews/we-r-who-we-r-cd-single
968	https://www.commonsensemedia.org/music-reviews/black-and-yellow-cd-single
969	https://www.commonsensemedia.org/music-reviews/dirt-road-anthem-cd-single
970	https://www.commonsensemedia.org/music-reviews/man-down-cd-single
971	https://www.commonsensemedia.org/music-reviews/lighters-cd-single
972	https://www.commonsensemedia.org/music-reviews/shots-on-the-hood-of-my-car-cd-single
973	https://www.commonsensemedia.org/music-reviews/red-solo-cup-cd-single
974	https://www.commonsensemedia.org/music-reviews/starships-cd-single
975	https://www.commonsensemedia.org/music-reviews/whistle-cd-single
976	https://www.commonsensemedia.org/music-reviews/princess-die-cd-single
977	https://www.commonsensemedia.org/music-reviews/the-a-team-cd-single
978	https://www.commonsensemedia.org/music-reviews/started-from-the-bottom-cd-single
979	https://www.commonsensemedia.org/music-reviews/berzerk-cd-single
980	https://www.commonsensemedia.org/music-reviews/turn-down-for-what-cd-single
981	https://www.commonsensemedia.org/music-reviews/bottoms-up-cd-single
982	https://www.commonsensemedia.org/music-reviews/where-them-girls-at-cd-single
983	https://www.commonsensemedia.org/music-reviews/prom-queen-cd-single
984	https://www.commonsensemedia.org/music-reviews/right-round-cd-single
985	https://www.commonsensemedia.org/music-reviews/sugar-cd-single
986	https://www.commonsensemedia.org/music-reviews/birthday-sex-cd-single
987	https://www.commonsensemedia.org/music-reviews/make-her-say-cd-single
988	https://www.commonsensemedia.org/music-reviews/3-cd-single
989	https://www.commonsensemedia.org/music-reviews/your-love-is-my-drug-cd-single
990	https://www.commonsensemedia.org/music-reviews/power-cd-single
991	https://www.commonsensemedia.org/music-reviews/take-it-off-cd-single
992	https://www.commonsensemedia.org/music-reviews/no-hands-cd-single
993	https://www.commonsensemedia.org/music-reviews/no-sleep-cd-single
994	https://www.commonsensemedia.org/music-reviews/stupid-hoe-cd-single
995	https://www.commonsensemedia.org/music-reviews/every-girl-cd-single
996	https://www.commonsensemedia.org/music-reviews/6-foot-7-foot-cd-single
997	https://www.commonsensemedia.org/music-reviews/rack-city-cd-single
998	https://www.commonsensemedia.org/music-reviews/where-the-wild-things-are-soundtrack
999	https://www.commonsensemedia.org/music-reviews/yo-gabba-gabba-music-is-awesome-vol-2
1000	https://www.commonsensemedia.org/music-reviews/all-is-love-cd-single
1001	https://www.commonsensemedia.org/music-reviews/sunny-day
1002	https://www.commonsensemedia.org/music-reviews/yo-gabba-gabba-music-is-awesome-vol-3
1003	https://www.commonsensemedia.org/music-reviews/thomas-friends-all-star-tracks
1004	https://www.commonsensemedia.org/music-reviews/little-seed
1005	https://www.commonsensemedia.org/music-reviews/super-why-youve-got-the-power-soundtrack
1006	https://www.commonsensemedia.org/music-reviews/minnies-favorites
1007	https://www.commonsensemedia.org/music-reviews/the-fresh-beat-band-music-from-the-hit-tv-show
1008	https://www.commonsensemedia.org/music-reviews/tinker-bell-and-the-lost-treasure-soundtrack
1009	https://www.commonsensemedia.org/music-reviews/disney-princess-fairy-tale-songs
1010	https://www.commonsensemedia.org/music-reviews/disney-fairies-faith-trust-and-pixie-dust
1011	https://www.commonsensemedia.org/music-reviews/doc-mcstuffins-the-doc-is-in
1012	https://www.commonsensemedia.org/music-reviews/spongebob-squarepants-the-best-day-ever
1013	https://www.commonsensemedia.org/music-reviews/muppets-the-green-album
1014	https://www.commonsensemedia.org/music-reviews/the-muppets-soundtrack
1015	https://www.commonsensemedia.org/music-reviews/can-you-canoe
1016	https://www.commonsensemedia.org/music-reviews/cheetah-licious-christmas
1017	https://www.commonsensemedia.org/music-reviews/theres-a-place-for-us
1018	https://www.commonsensemedia.org/music-reviews/live-like-theres-no-tomorrow-cd-single
1019	https://www.commonsensemedia.org/music-reviews/happy-cd-single
1020	https://www.commonsensemedia.org/music-reviews/everything-is-awesome-feat-the-lonely-island-cd-single
1021	https://www.commonsensemedia.org/music-reviews/hannah-montana-forever-soundtrack
1022	https://www.commonsensemedia.org/music-reviews/pray-cd-single
1023	https://www.commonsensemedia.org/music-reviews/we-can-change-the-world-cd-single
1024	https://www.commonsensemedia.org/music-reviews/when-can-i-see-you-again-cd-single
1025	https://www.commonsensemedia.org/music-reviews/omg-jams
1026	https://www.commonsensemedia.org/music-reviews/live-like-were-dying-cd-single
1027	https://www.commonsensemedia.org/music-reviews/we-are-the-world-cd-single
1028	https://www.commonsensemedia.org/music-reviews/make-a-wave-single-featuring-joe-jonas
1029	https://www.commonsensemedia.org/music-reviews/price-tag-cd-single
1030	https://www.commonsensemedia.org/music-reviews/o-brother-where-art-thou-soundtrack
1031	https://www.commonsensemedia.org/music-reviews/the-harder-they-come-soundtrack
1032	https://www.commonsensemedia.org/music-reviews/victorious-20-more-music-from-the-hit-tv-show
1033	https://www.commonsensemedia.org/music-reviews/hey-brother-cd-single
1034	https://www.commonsensemedia.org/music-reviews/hope-for-haiti
1035	https://www.commonsensemedia.org/music-reviews/i-wont-give-up-cd-single
1036	https://www.commonsensemedia.org/music-reviews/celebrate-cd-single
1037	https://www.commonsensemedia.org/music-reviews/greatest-hits-chapter-one
1038	https://www.commonsensemedia.org/music-reviews/clouds-cd-single
1039	https://www.commonsensemedia.org/music-reviews/charlies-angels-full-throttle-soundtrack
1040	https://www.commonsensemedia.org/music-reviews/run-the-world-girls-cd-single
1041	https://www.commonsensemedia.org/music-reviews/try-cd-single-0
1042	https://www.commonsensemedia.org/music-reviews/dont-you-worry-child-feat-john-martin-cd-single
1043	https://www.commonsensemedia.org/music-reviews/a-million-ways-to-die-cd-single
1044	https://www.commonsensemedia.org/music-reviews/2004-grammy-nominees
1045	https://www.commonsensemedia.org/music-reviews/telephone-cd-single
1046	https://www.commonsensemedia.org/music-reviews/licensed-to-ill
1047	https://www.commonsensemedia.org/music-reviews/damita-jo
1048	https://www.commonsensemedia.org/music-reviews/now-thats-what-i-call-music-16
1049	https://www.commonsensemedia.org/music-reviews/now-thats-what-i-call-music-12
1050	https://www.commonsensemedia.org/music-reviews/monkey-business
1051	https://www.commonsensemedia.org/music-reviews/20-yo
1052	https://www.commonsensemedia.org/music-reviews/raise-the-dead
1053	https://www.commonsensemedia.org/music-reviews/labels-or-love-cd-single
1054	https://www.commonsensemedia.org/music-reviews/music-from-the-motion-picture-pulp-fiction
1055	https://www.commonsensemedia.org/music-reviews/les-miserables-highlights-from-the-motion-picture-soundtrack
1056	https://www.commonsensemedia.org/music-reviews/fancy-feat-charli-xcx-cd-single
1057	https://www.commonsensemedia.org/music-reviews/wiggle-feat-snoop-dogg-cd-single
1058	https://www.commonsensemedia.org/music-reviews/sleeping-in-the-nothing
1059	https://www.commonsensemedia.org/music-reviews/the-cookbook
1060	https://www.commonsensemedia.org/music-reviews/year-zero
1061	https://www.commonsensemedia.org/music-reviews/day-n-nite-cd-single
1062	https://www.commonsensemedia.org/music-reviews/love-the-way-you-lie-single-featuring-rihanna
1063	https://www.commonsensemedia.org/music-reviews/make-it-stop-cd-single
1064	https://www.commonsensemedia.org/music-reviews/last-friday-night-tgif-cd-single
1065	https://www.commonsensemedia.org/music-reviews/cheers-drink-to-that-cd-single
1066	https://www.commonsensemedia.org/music-reviews/young-wild-and-free-cd-single
1067	https://www.commonsensemedia.org/music-reviews/ni-as-in-paris-cd-single
1068	https://www.commonsensemedia.org/music-reviews/birthday-cake-remix-cd-single
1069	https://www.commonsensemedia.org/music-reviews/blurred-lines-feat-ti-pharrell-cd-single
1070	https://www.commonsensemedia.org/music-reviews/23-ft-miley-cyrus-wiz-khalifa-juicy-j-cd-single
1071	https://www.commonsensemedia.org/music-reviews/talk-dirty-feat-2-chainz-cd-single
1072	https://www.commonsensemedia.org/music-reviews/selfie-cd-single
1073	https://www.commonsensemedia.org/music-reviews/heres-to-the-mourning
1074	https://www.commonsensemedia.org/music-reviews/in-my-mind
1075	https://www.commonsensemedia.org/music-reviews/futuresexlovesounds
1076	https://www.commonsensemedia.org/music-reviews/tenacious-d-pick-of-destiny
1077	https://www.commonsensemedia.org/music-reviews/food-liquor
1078	https://www.commonsensemedia.org/music-reviews/this-is-not-a-test
1079	https://www.commonsensemedia.org/music-reviews/the-music-of-grand-theft-auto-iv
1080	https://www.commonsensemedia.org/music-reviews/i-get-it-in-cd-single
1081	https://www.commonsensemedia.org/music-reviews/incredibad
1082	https://www.commonsensemedia.org/music-reviews/bottoms-up-cd-single-featuring-nicki-minaj
1083	https://www.commonsensemedia.org/music-reviews/no-love-cd-single-featuring-lil-wayne
1084	https://www.commonsensemedia.org/music-reviews/dance-a-cd-single
1085	https://www.commonsensemedia.org/music-reviews/kanye-west-presents-good-music-cruel-summer
1086	https://www.commonsensemedia.org/music-reviews/my-life-cd-single
1087	https://www.commonsensemedia.org/music-reviews/onifc
1088	https://www.commonsensemedia.org/music-reviews/hangover-feat-snoop-dogg-cd-single
1089	https://www.commonsensemedia.org/music-reviews/the-college-dropout
1090	https://www.commonsensemedia.org/music-reviews/the-big-bang
1091	https://www.commonsensemedia.org/music-reviews/crack-a-bottle-cd-single
1092	https://www.commonsensemedia.org/music-reviews/cant-stop-me-cd-single
1093	https://www.commonsensemedia.org/music-reviews/longliveaap
1094	https://www.commonsensemedia.org/music-reviews/speakerboxx-the-love-below-double-album
1095	https://www.commonsensemedia.org/music-reviews/resurrection
1096	https://www.commonsensemedia.org/music-reviews/the-slim-shady-lp
1097	https://www.commonsensemedia.org/music-reviews/d-12-world
1098	https://www.commonsensemedia.org/music-reviews/the-hunger-for-more
1099	https://www.commonsensemedia.org/music-reviews/straight-outta-cashville
1100	https://www.commonsensemedia.org/music-reviews/the-red-light-district
1101	https://www.commonsensemedia.org/music-reviews/rg-rhythm-gangsta-the-masterpiece
1102	https://www.commonsensemedia.org/music-reviews/the-massacre
1103	https://www.commonsensemedia.org/music-reviews/all-or-nothing-0
1104	https://www.commonsensemedia.org/music-reviews/love-me-all-summer-hate-me-all-winter
1105	https://www.commonsensemedia.org/music-reviews/re-up
1106	https://www.commonsensemedia.org/music-reviews/united-state-of-atlanta
1107	https://www.commonsensemedia.org/music-reviews/curtain-call
1108	https://www.commonsensemedia.org/music-reviews/the-carter-ii
1109	https://www.commonsensemedia.org/music-reviews/duets-the-final-chapter
1110	https://www.commonsensemedia.org/music-reviews/get-rich-or-die-tryin
1111	https://www.commonsensemedia.org/music-reviews/souljaboytellem
1112	https://www.commonsensemedia.org/music-reviews/curtis
1113	https://www.commonsensemedia.org/music-reviews/super-gangsta-extraordinary-gentleman
1114	https://www.commonsensemedia.org/music-reviews/notorious-movie-soundtrack
1115	https://www.commonsensemedia.org/music-reviews/3-am-cd-single
1116	https://www.commonsensemedia.org/music-reviews/before-i-self-destruct
1117	https://www.commonsensemedia.org/music-reviews/john-cd-single
1118	https://www.commonsensemedia.org/music-reviews/love-me-ft-future-and-drake-cd-single
